Target_Culture,Target_Business_Problem,Selected_Solution_ID,Generating_LLM_ID,Generating_Iteration_Number
Culture1,BusinessProblem13,364f8266-7247-4f69-8a7b-844313ee055b,MistralSmall(24B)Instruct25.01,4
Culture11,BusinessProblem1,69c09dcf-fb64-4869-b814-8b6f49019c6a,Gemma-2Instruct(27B),1
Culture11,BusinessProblem13,3e821706-c9f2-4493-a1c7-793ff0c6e79e,Gemma-2Instruct(27B),5
Culture12,BusinessProblem1,3447959b-d31b-46ee-82e9-295c9756be59,Gemma-2Instruct(27B),3
Culture12,BusinessProblem13,63ca664a-a574-48c6-870b-518ffb45a62a,DeepSeekR1DistillLlama70B,2
Culture13,BusinessProblem13,64485bd5-77ee-4ecd-a658-3762e193c25a,Gemma-2Instruct(27B),5
Culture13,BusinessProblem4,68b6d97b-811a-4775-8a50-d57176f30ed4,MistralSmall(24B)Instruct25.01,2
Culture2,BusinessProblem13,40e3fb05-9b57-47fa-b938-ae41bb08d11f,MetaLlama3.1405BInstructTurbo,5
Culture2,BusinessProblem4,7171966f-a400-468c-a7db-8fb861b3d003,MistralSmall(24B)Instruct25.01,4
Culture3,BusinessProblem1,81a09e19-c835-41da-bf42-b513397951b4,DeepSeekR1DistillLlama70B,1
Culture4,BusinessProblem1,4f60557f-fa0a-49d3-a9b2-abfea165a45f,DeepSeekR1DistillLlama70B,5
Culture4,BusinessProblem13,6b2fafc5-1fd7-4d33-a7d2-dd61597ee649,MetaLlama3.1405BInstructTurbo,4
Culture5,BusinessProblem1,703c2673-30bf-4633-890d-a5158d35476a,Qwen2.572BInstructTurbo,1
Culture5,BusinessProblem13,5fb8445c-e69e-4234-a103-cb63da7f9b64,MetaLlama3.1405BInstructTurbo,1
Culture5,BusinessProblem4,65a8181f-5640-4a02-a5cc-b263e7f7e213,Gemma-2Instruct(27B),2
Culture6,BusinessProblem4,4c6cf2fa-5542-4bc5-ad56-e201e2dd27ed,MetaLlama3.1405BInstructTurbo,4
CultureExpert,BusinessProblem1,80ba3c8b-ac4d-4b19-8a98-65e6c8ce70d1,MistralSmall(24B)Instruct25.01,5
CultureExpert,BusinessProblem13,4ffe14c6-28a3-4c2b-8948-6b954a253b0b,MistralSmall(24B)Instruct25.01,1
CultureExpert,BusinessProblem4,5277cd7a-ae21-4685-860e-e6e6e9a02ec0,Gemma-2Instruct(27B),3
CultureNeutral,BusinessProblem1,5663607a-b125-45f4-81e8-6ded46ae24d8,Gemma-2Instruct(27B),2
CultureNeutral,BusinessProblem13,6ecad5ab-c0e0-47ba-a04f-d82c4f1bfe47,Qwen2.572BInstructTurbo,3
CultureNeutral,BusinessProblem4,4fdbdb41-a125-4779-ac8d-17a2e17e2841,DeepSeekR1DistillLlama70B,1
